title,company,url
Web Development, Interpret Media, /internship/details/work-from-home-web-development-internship-at-interpret-media1737520026
Web Development, AI4SEE PRIVATE LIMITED, /internship/detail/work-from-home-web-development-internship-at-ai4see-private-limited1737446149
Web Development, Ravi Jain, /internship/detail/work-from-home-web-development-internship-at-ravi-jain1737423801
Web Development, Marknox Media, /internship/details/work-from-home-part-time-web-development-internship-at-marknox-media1737377206
Web Development, Testline, /internship/details/work-from-home-web-development-internship-at-testline1737160916
Web Development, Revolution Ventures, /internship/detail/part-time-web-development-internship-in-bangalore-at-revolution-ventures1737129928
Web Development, Next Element, /internship/details/web-development-internship-in-bangalore-at-next-element1737026607
Web Development, AnExtraRep, /internship/details/work-from-home-web-development-internship-at-anextrarep1737026427
Web Development, Maxgen Technologies Private Limited, /internship/details/web-development-internship-in-ahmedabad-at-maxgen-technologies-private-limited1737000783
Web Development, Scoutbizz International, /internship/details/work-from-home-web-development-internship-at-scoutbizz-international1736998899
Web Development, Codecraft IT Solutions, /internship/detail/work-from-home-part-time-web-development-internship-at-codecraft-it-solutions1736791427
Web Development, Ghodake Consultancy Services Private Limited, /internship/details/work-from-home-part-time-web-development-internship-at-ghodake-consultancy-services-private-limited1735127196
Web Development, Pro India, /internship/details/web-development-internship-in-gurgaon-at-pro-india1734934156
Web Development, Chandrima Datta, /internship/details/web-development-internship-in-kolkata-at-chandrima-datta1734933053
Web Development, CCBUL, /internship/detail/work-from-home-web-development-internship-at-ccbul1733903954
Web Development, Digital Marketing School Network, /internship/detail/work-from-home-part-time-web-development-internship-at-digital-marketing-school-network1739160878
Web Development, Digital Ipsum, /internship/details/work-from-home-web-development-internship-at-digital-ipsum1738926064
Web Development, Nathan Legros, /internship/detail/work-from-home-part-time-web-development-internship-at-nathan-legros1738743621
Web Development, WebShark Web Services, /internship/details/web-development-internship-in-bangalore-at-webshark-web-services1738555930
Web Development, Absolute Veritas, /internship/details/web-development-internship-in-faridabad-at-absolute-veritas1738405775
Web Development, Harmoni, /internship/details/work-from-home-web-development-internship-at-harmoni1738395161
Web Development, Talent Corner HR Services, /internship/detail/web-development-internship-in-mumbai-at-talent-corner-hr-services1738325558
Web Development, J2K AI Systems And Technologies, /internship/details/work-from-home-web-development-internship-at-j2k-ai-systems-and-technologies1738309161
Web Development, Arc Tech Labs, /internship/details/work-from-home-part-time-web-development-internship-at-arc-tech-labs1738297896
Web Development, Buddha Education Association Incorporation, /internship/details/work-from-home-part-time-web-development-internship-at-buddha-education-association-incorporation1738217941
Web Development, Logion Solutions, /internship/details/work-from-home-web-development-internship-at-logion-solutions1738045544
Web Development, JanBask Consulting Private Limited, /internship/details/work-from-home-web-development-internship-at-janbask-consulting-private-limited1737974971
Web Development, Relinns Technologies, /internship/details/web-development-internship-in-mohali-at-relinns-technologies1737978987
Web Development, TechTrapture, /internship/detail/work-from-home-web-development-internship-at-techtrapture1737873360
Web Development, Techvolt Software Private Limited, /internship/detail/web-development-internship-in-multiple-locations-at-techvolt-software-private-limited1737805539
Web Development, Agney Nalapat, /internship/detail/work-from-home-web-development-internship-at-agney-nalapat1737795357
Web Development, Trade Hub24, /internship/details/work-from-home-web-development-internship-at-trade-hub241737712324
Web Development, Reach Technologies, /internship/detail/work-from-home-part-time-web-development-internship-at-reach-technologies1737688489
Web Development, University Insights, /internship/detail/work-from-home-web-development-internship-at-university-insights1737626631
Web Development, University Insights, /internship/detail/work-from-home-web-development-internship-at-university-insights1737625862
Web Development, DeepThought Edutech Ventures Private Limited, /internship/detail/work-from-home-part-time-web-development-internship-at-deepthought-edutech-ventures-private-limited1737521159
Web Development, Interpret Media, /internship/details/work-from-home-web-development-internship-at-interpret-media1737520026
Web Development, AI4SEE PRIVATE LIMITED, /internship/detail/work-from-home-web-development-internship-at-ai4see-private-limited1737446149
Web Development, Ravi Jain, /internship/detail/work-from-home-web-development-internship-at-ravi-jain1737423801
Web Development, Marknox Media, /internship/details/work-from-home-part-time-web-development-internship-at-marknox-media1737377206
Web Development, Testline, /internship/details/work-from-home-web-development-internship-at-testline1737160916
Web Development, Revolution Ventures, /internship/detail/part-time-web-development-internship-in-bangalore-at-revolution-ventures1737129928
Web Development, Next Element, /internship/details/web-development-internship-in-bangalore-at-next-element1737026607
Web Development, AnExtraRep, /internship/details/work-from-home-web-development-internship-at-anextrarep1737026427
Web Development, Maxgen Technologies Private Limited, /internship/details/web-development-internship-in-ahmedabad-at-maxgen-technologies-private-limited1737000783
Web Development, Scoutbizz International, /internship/details/work-from-home-web-development-internship-at-scoutbizz-international1736998899
Web Development, Codecraft IT Solutions, /internship/detail/work-from-home-part-time-web-development-internship-at-codecraft-it-solutions1736791427
Web Development, Ghodake Consultancy Services Private Limited, /internship/details/work-from-home-part-time-web-development-internship-at-ghodake-consultancy-services-private-limited1735127196
Web Development, Pro India, /internship/details/web-development-internship-in-gurgaon-at-pro-india1734934156
Web Development, Chandrima Datta, /internship/details/web-development-internship-in-kolkata-at-chandrima-datta1734933053
Web Development, CCBUL, /internship/detail/work-from-home-web-development-internship-at-ccbul1733903954
Backend Development, Cloudify, /internship/details/work-from-home-backend-development-internship-at-cloudify1739338425
Backend Development, Tamasha, /internship/details/work-from-home-backend-development-internship-at-tamasha1739344380
Backend Development, She Can Foundation, /internship/detail/work-from-home-part-time-backend-development-internship-at-she-can-foundation1739282278
Backend Development, Janitri Innovations Private Limited, /internship/details/backend-development-internship-in-bangalore-at-janitri-innovations-private-limited1739255584
Backend Development, NayePankh Foundation, /internship/details/work-from-home-part-time-backend-development-internship-at-nayepankh-foundation1739015575
Backend Development, Diskovalist Inc Maryland United State, /internship/detail/work-from-home-part-time-backend-development-internship-at-diskovalist-inc-maryland-united-state1738988877
Backend Development, Next Education India Private Limited, /internship/details/backend-development-internship-in-hyderabad-at-next-education-india-private-limited1738928975
Backend Development, Request IT Support, /internship/details/work-from-home-backend-development-internship-at-request-it-support1738833295
Backend Development, Gurucool, /internship/details/backend-development-internship-in-jaipur-at-gurucool1738823383
Backend Development, DharmaIQ, /internship/details/backend-development-internship-in-bangalore-at-dharmaiq1738735714
Backend Development, HSDK Technologies Private Limited, /internship/details/work-from-home-backend-development-internship-at-hsdk-technologies-private-limited1738735672
Backend Development, Coding Junior, /internship/details/work-from-home-backend-development-internship-at-coding-junior1738587976
Backend Development, Brave Artificial Intelligence Laboratory, /internship/details/work-from-home-backend-development-internship-at-brave-artificial-intelligence-laboratory1738400063
Backend Development, Request IT Support, /internship/details/work-from-home-backend-development-internship-at-request-it-support1738318298
Backend Development, Resolute AI Software Private Limited, /internship/details/work-from-home-backend-development-internship-at-resolute-ai-software-private-limited1738155166
Backend Development, Intelisync, /internship/detail/backend-development-internship-in-pune-at-intelisync1738124485
Backend Development, CIVILS WEB PRIVATE LIMITED, /internship/details/backend-development-internship-in-noida-at-civils-web-private-limited1738064342
Backend Development, Testline, /internship/details/work-from-home-backend-development-internship-at-testline1737700437
Backend Development, Fyle, /internship/details/work-from-home-backend-development-internship-at-fyle1737628202
Backend Development, BIZNest Work Live Experience, /internship/detail/backend-development-internship-in-panaji-at-biznest-work-live-experience1737626610
Backend Development, Aadi Foundation, /internship/details/work-from-home-backend-development-internship-at-aadi-foundation1737475675
Backend Development, GANTAVYA, /internship/detail/work-from-home-part-time-backend-development-internship-at-gantavya1737438931
Backend Development, ATOZ LOGISTICS LIMITED, /internship/details/backend-development-internship-in-delhi-at-atoz-logistics-limited1737363217
Backend Development, CollegeDekho.com, /internship/details/backend-development-internship-in-gurgaon-at-collegedekhocom1737010848
Backend Development, Whatbytes, /internship/details/work-from-home-backend-development-internship-at-whatbytes1737002280
Backend Development, Whatbytes, /internship/details/work-from-home-backend-development-internship-at-whatbytes1736949364
Backend Development, Giddly.com, /internship/detail/work-from-home-backend-development-internship-at-giddlycom1736768931
Backend Development, ZeeProc Technologies, /internship/details/work-from-home-backend-development-internship-at-zeeproc-technologies1736317006
Backend Development, Enalo Technologies Private Limited, /internship/details/work-from-home-backend-development-internship-at-enalo-technologies-private-limited1736310753
Front End Development, LSOYS Games & Apps, /internship/detail/work-from-home-front-end-development-internship-at-lsoys-games-apps1739341478
Front End Development, She Can Foundation, /internship/detail/work-from-home-part-time-front-end-development-internship-at-she-can-foundation1739276728
Front End Development, Idea Usher, /internship/details/work-from-home-front-end-development-internship-at-idea-usher1738915469
Front End Development, Super.Family, /internship/details/front-end-development-internship-in-multiple-locations-at-superfamily1738581566
Front End Development, Brave Artificial Intelligence Laboratory, /internship/details/work-from-home-front-end-development-internship-at-brave-artificial-intelligence-laboratory1738405985
Front End Development, Fabulous Media Private Limited, /internship/details/front-end-development-internship-in-gurgaon-at-fabulous-media-private-limited1737704544
Front End Development, Madrocket Technologies & Media, /internship/details/work-from-home-part-time-front-end-development-internship-at-madrocket-technologies-media1737540337
Front End Development, Business Quant, /internship/details/work-from-home-front-end-development-internship-at-business-quant1737530214
Front End Development, Digite Infotech Private Limited, /internship/details/front-end-development-internship-in-mumbai-at-digite-infotech-private-limited1737430182
Front End Development, Marmeto, /internship/details/front-end-development-internship-in-bhubaneswar-at-marmeto1739396903
Front End Development, Aadhvik Technologies, /internship/detail/work-from-home-part-time-front-end-development-internship-at-aadhvik-technologies1739364381
Front End Development, LSOYS Games & Apps, /internship/detail/work-from-home-front-end-development-internship-at-lsoys-games-apps1739341478
Front End Development, Idea Usher, /internship/details/work-from-home-front-end-development-internship-at-idea-usher1738915469
Front End Development, Super.Family, /internship/details/front-end-development-internship-in-multiple-locations-at-superfamily1738581566
Front End Development, Brave Artificial Intelligence Laboratory, /internship/details/work-from-home-front-end-development-internship-at-brave-artificial-intelligence-laboratory1738405985
Front End Development, Fabulous Media Private Limited, /internship/details/front-end-development-internship-in-gurgaon-at-fabulous-media-private-limited1737704544
Front End Development, Madrocket Technologies & Media, /internship/details/work-from-home-part-time-front-end-development-internship-at-madrocket-technologies-media1737540337
Front End Development, Business Quant, /internship/details/work-from-home-front-end-development-internship-at-business-quant1737530214
Front End Development, Digite Infotech Private Limited, /internship/details/front-end-development-internship-in-mumbai-at-digite-infotech-private-limited1737430182
Front End Development, LSOYS Games & Apps, /internship/detail/work-from-home-front-end-development-internship-at-lsoys-games-apps1739341478
Front End Development, Idea Usher, /internship/details/work-from-home-front-end-development-internship-at-idea-usher1738915469
Front End Development, Super.Family, /internship/details/front-end-development-internship-in-multiple-locations-at-superfamily1738581566
Front End Development, Brave Artificial Intelligence Laboratory, /internship/details/work-from-home-front-end-development-internship-at-brave-artificial-intelligence-laboratory1738405985
Front End Development, Fabulous Media Private Limited, /internship/details/front-end-development-internship-in-gurgaon-at-fabulous-media-private-limited1737704544
Front End Development, Madrocket Technologies & Media, /internship/details/work-from-home-part-time-front-end-development-internship-at-madrocket-technologies-media1737540337
Front End Development, Business Quant, /internship/details/work-from-home-front-end-development-internship-at-business-quant1737530214
Front End Development, Digite Infotech Private Limited, /internship/details/front-end-development-internship-in-mumbai-at-digite-infotech-private-limited1737430182
Front End Development, Naukri Ninja, /internship/details/work-from-home-front-end-development-internship-at-naukri-ninja1739534161
Front End Development, LSOYS Games & Apps, /internship/detail/work-from-home-front-end-development-internship-at-lsoys-games-apps1739341478
Front End Development, Idea Usher, /internship/details/work-from-home-front-end-development-internship-at-idea-usher1738915469
Front End Development, Super.Family, /internship/details/front-end-development-internship-in-multiple-locations-at-superfamily1738581566
Front End Development, Brave Artificial Intelligence Laboratory, /internship/details/work-from-home-front-end-development-internship-at-brave-artificial-intelligence-laboratory1738405985
Front End Development, Fabulous Media Private Limited, /internship/details/front-end-development-internship-in-gurgaon-at-fabulous-media-private-limited1737704544
Front End Development, Madrocket Technologies & Media, /internship/details/work-from-home-part-time-front-end-development-internship-at-madrocket-technologies-media1737540337
Front End Development, Business Quant, /internship/details/work-from-home-front-end-development-internship-at-business-quant1737530214
Front End Development, Digite Infotech Private Limited, /internship/details/front-end-development-internship-in-mumbai-at-digite-infotech-private-limited1737430182
Front End Development, Smollan India Private Limited, /internship/details/work-from-home-part-time-front-end-development-internship-at-smollan-india-private-limited1739798969
Front End Development, Aadhvik Technologies, /internship/detail/work-from-home-part-time-front-end-development-internship-at-aadhvik-technologies1739708760
Front End Development, LSOYS Games & Apps, /internship/detail/work-from-home-front-end-development-internship-at-lsoys-games-apps1739341478
Front End Development, Brave Artificial Intelligence Laboratory, /internship/details/work-from-home-front-end-development-internship-at-brave-artificial-intelligence-laboratory1738405985
Front End Development, Fabulous Media Private Limited, /internship/details/front-end-development-internship-in-gurgaon-at-fabulous-media-private-limited1737704544
Front End Development, Madrocket Technologies & Media, /internship/details/work-from-home-part-time-front-end-development-internship-at-madrocket-technologies-media1737540337
Front End Development, Business Quant, /internship/details/work-from-home-front-end-development-internship-at-business-quant1737530214
Front End Development, Digite Infotech Private Limited, /internship/details/front-end-development-internship-in-mumbai-at-digite-infotech-private-limited1737430182
Front End Development, Aadhvik Technologies, /internship/detail/work-from-home-part-time-front-end-development-internship-at-aadhvik-technologies1739884887
Front End Development, LSOYS Games & Apps, /internship/detail/work-from-home-front-end-development-internship-at-lsoys-games-apps1739341478
Front End Development, Brave Artificial Intelligence Laboratory, /internship/details/work-from-home-front-end-development-internship-at-brave-artificial-intelligence-laboratory1738405985
Front End Development, Fabulous Media Private Limited, /internship/details/front-end-development-internship-in-gurgaon-at-fabulous-media-private-limited1737704544
Front End Development, Madrocket Technologies & Media, /internship/details/work-from-home-part-time-front-end-development-internship-at-madrocket-technologies-media1737540337
Front End Development, Business Quant, /internship/details/work-from-home-front-end-development-internship-at-business-quant1737530214
Front End Development, Digite Infotech Private Limited, /internship/details/front-end-development-internship-in-mumbai-at-digite-infotech-private-limited1737430182
Web Development, Emoolar Technology Private Limited, /internship/details/work-from-home-part-time-web-development-internship-at-emoolar-technology-private-limited1739879599
Web Development, Relinns Technologies, /internship/details/web-development-internship-in-mohali-at-relinns-technologies1739858644
Web Development, Pro India, /internship/details/web-development-internship-in-gurgaon-at-pro-india1739783639
Web Development, THRM Digital Marketing Agency, /internship/details/web-development-internship-in-multiple-locations-at-thrm-digital-marketing-agency1739623334
Web Development, Seequenze Technologies, /internship/details/work-from-home-part-time-web-development-internship-at-seequenze-technologies1739553883
Web Development, Krunk Technologies Private Limited, /internship/details/work-from-home-web-development-internship-at-krunk-technologies-private-limited1739529633
Web Development, Digital Ipsum, /internship/details/work-from-home-web-development-internship-at-digital-ipsum1739506101
Web Development, AIR HR Solutions, /internship/details/web-development-internship-in-uttar-pradesh-at-air-hr-solutions1739505557
Web Development, LSOYS Games & Apps, /internship/detail/work-from-home-web-development-internship-at-lsoys-games-apps1739341280
Web Development, Nathan Legros, /internship/detail/work-from-home-part-time-web-development-internship-at-nathan-legros1738743621
Web Development, Psyuni Trust, /internship/details/web-development-internship-in-lucknow-at-psyuni-trust1738662521
Web Development, Absolute Veritas, /internship/details/web-development-internship-in-faridabad-at-absolute-veritas1738405775
Web Development, Harmoni, /internship/details/work-from-home-web-development-internship-at-harmoni1738395161
Web Development, Talent Corner HR Services, /internship/detail/web-development-internship-in-mumbai-at-talent-corner-hr-services1738325558
Web Development, J2K AI Systems And Technologies, /internship/details/work-from-home-web-development-internship-at-j2k-ai-systems-and-technologies1738309161
Web Development, Arc Tech Labs, /internship/details/work-from-home-part-time-web-development-internship-at-arc-tech-labs1738297896
Web Development, TechTrapture, /internship/detail/work-from-home-web-development-internship-at-techtrapture1737873360
Web Development, Techvolt Software Private Limited, /internship/detail/web-development-internship-in-multiple-locations-at-techvolt-software-private-limited1737805539
Web Development, Agney Nalapat, /internship/detail/work-from-home-web-development-internship-at-agney-nalapat1737795357
Web Development, Trade Hub24, /internship/details/work-from-home-web-development-internship-at-trade-hub241737712324
Web Development, Reach Technologies, /internship/detail/work-from-home-part-time-web-development-internship-at-reach-technologies1737688489
Web Development, Amit Kumar, /internship/detail/web-development-internship-in-sodepur-at-amit-kumar1737633441
Web Development, GrowthMak Solutions LLP, /internship/detail/work-from-home-web-development-internship-at-growthmak-solutions-llp1737621603
Web Development, University Insights, /internship/detail/work-from-home-web-development-internship-at-university-insights1737626631
Web Development, University Insights, /internship/detail/work-from-home-web-development-internship-at-university-insights1737625862
Web Development, Interpret Media, /internship/details/work-from-home-web-development-internship-at-interpret-media1737520026
Web Development, AI4SEE PRIVATE LIMITED, /internship/detail/work-from-home-web-development-internship-at-ai4see-private-limited1737446149
Web Development, Testline, /internship/details/work-from-home-web-development-internship-at-testline1737160916
Web Development, AnExtraRep, /internship/details/work-from-home-web-development-internship-at-anextrarep1737026427
Front End Development, Bezt Labs, /internship/details/front-end-development-internship-in-bangalore-at-bezt-labs1740403886
Front End Development, Rythukart Private Limited, /internship/detail/work-from-home-front-end-development-internship-at-rythukart-private-limited1740388929
Front End Development, SupervaisorAI, /internship/details/work-from-home-part-time-front-end-development-internship-at-supervaisorai1740373302
Front End Development, Tellis Technologies Private Limited, /internship/detail/work-from-home-front-end-development-internship-at-tellis-technologies-private-limited1740219646
Front End Development, ADM EDUCATION & WELFARE SOCIETY, /internship/detail/work-from-home-part-time-front-end-development-internship-at-adm-education-welfare-society1740135440
Front End Development, Travel Lykke Private Limited, /internship/details/work-from-home-front-end-development-internship-at-travel-lykke-private-limited1740114508
Front End Development, Charu  Choudha, /internship/details/work-from-home-part-time-front-end-development-internship-at-charu-choudha1740114224
Front End Development, Aadhvik Technologies, /internship/detail/work-from-home-part-time-front-end-development-internship-at-aadhvik-technologies1740052403
Front End Development, Vomychat.com, /internship/detail/work-from-home-part-time-front-end-development-internship-at-vomychatcom1740036366
Front End Development, Stryvs Private Limited, /internship/details/work-from-home-front-end-development-internship-at-stryvs-private-limited1740026221
Front End Development, LSOYS Games & Apps, /internship/detail/work-from-home-front-end-development-internship-at-lsoys-games-apps1739341478
Front End Development, Brave Artificial Intelligence Laboratory, /internship/details/work-from-home-front-end-development-internship-at-brave-artificial-intelligence-laboratory1738405985
Front End Development, FourTrax Lifestyles Pvt. Ltd., /internship/details/work-from-home-part-time-front-end-development-internship-at-fourtrax-lifestyles-pvt-ltd1734420344
